IRIS,DISP_TP6021,DISP_INCERT21,DISP_Q121,DISP_MED21,DISP_Q321,DISP_EQ21,DISP_D121,DISP_D221,DISP_D321,DISP_D421,DISP_D621,DISP_D721,DISP_D821,DISP_D921,DISP_RD21,DISP_S80S2021,DISP_GI21,DISP_PACT21,DISP_PTSA21,DISP_PCHO21,DISP_PBEN21,DISP_PPEN21,DISP_PPAT21,DISP_PPSOC21,DISP_PPFAM21,DISP_PPMINI21,DISP_PPLOGT21,DISP_PIMPOT21,DISP_NOTE21
381110101,"9,0",2,19680,25680,32300,"0,49",14560,18440,21100,23340,27880,30760,34150,39440,"2,7","3,3","0,237","74,6","67,5","2,2","4,9","28,7","9,0","4,0","1,8","1,5","0,7","-16,3",0
381110102,"4,0",1,23760,30880,40150,"0,53",17860,22080,25210,27760,34310,38010,43790,53240,"3,0","3,6","0,258","78,0","71,0","2,0","5,0","29,1","11,6","2,2","1,0","0,8","0,4","-20,9",0
381110103,"3,0",1,25420,31930,42100,"0,52",20020,24140,26730,29260,35440,39280,44500,56500,"2,8","4,6","0,334","72,5","62,6","1,6","8,3","25,5","21,6","1,4","0,8","0,4","0,2","-21,0",0
381500101,"10,0",1,18150,22970,29400,"0,49",13970,17050,19330,21270,25090,27930,31420,36770,"2,6","3,1","0,225","76,2","70,3","2,8","3,1","27,7","6,0","4,7","1,8","2,0","0,9","-14,6",0
381500102,"8,0",1,20150,25370,32500,"0,49",14870,18680,21130,23190,27760,30690,34560,40270,"2,7","3,1","0,223","78,0","72,6","2,0","3,4","27,1","7,1","3,8","1,6","1,5","0,7","-16,0",0
381510101,"11,0",2,18550,24130,32100,"0,56",13540,16860,19910,21870,26660,30320,34250,41980,"3,1","3,6","0,250","56,1","50,4","2,0","3,7","46,7","9,6","3,5","1,4","1,4","0,7","-15,9",0
381510102,ns,so,ns,ns,ns,ns,ns,ns,ns,ns,ns,ns,ns,ns,so,so,ns,ns,ns,ns,ns,ns,ns,ns,ns,ns,ns,ns,so
381510103,"35,0",1,12330,16820,22730,"0,62",8970,11500,13290,14840,19030,21340,24630,30340,"3,4","3,7","0,259","60,6","54,6","4,2","1,8","31,4","4,7","14,3","4,2","6,8","3,3","-11,0",0
381510104,"15,0",1,16580,21210,26800,"0,48",12000,15460,17590,19550,23240,25480,28030,32010,"2,7","3,1","0,216","68,2","63,3","2,6","2,3","34,4","5,4","4,9","2,0","2,1","0,8","-12,9",0
381510201,ns,so,ns,ns,ns,ns,ns,ns,ns,ns,ns,ns,ns,ns,so,so,ns,ns,ns,ns,ns,ns,ns,ns,ns,ns,ns,ns,so
381510202,"16,0",1,16150,21270,27530,"0,53",12120,14930,17200,19440,23680,26080,29180,34340,"2,8","3,4","0,237","71,9","67,2","2,8","1,9","28,8","5,6","7,3","2,6","3,2","1,5","-13,6",0
381510203,"43,0",2,11610,15000,20540,"0,60",9080,10630,12300,13630,17550,19500,22230,26480,"2,9","3,3","0,239","57,9","52,9","4,3","0,7","30,1","2,6","18,7","5,9","8,8","4,0","-9,3",0
381510301,"26,0",1,13820,18820,24910,"0,59",10580,12910,14630,16510,21050,23410,26520,30930,"2,9","3,4","0,240","65,4","61,1","3,4","0,9","29,3","3,7","13,1","4,5","5,8","2,8","-11,5",1
381510302,"15,0",2,16310,21150,26770,"0,49",12190,15230,17190,19100,23130,25440,28370,32840,"2,7","3,1","0,219","56,7","52,2","2,7","1,8","43,9","5,2","6,5","2,5","2,9","1,1","-12,3",0
381510303,"45,0",2,11140,14760,19370,"0,56",8550,10390,12040,13320,16260,18080,20600,24440,"2,9","3,3","0,232","54,3","48,9","4,2","1,2","30,3","2,7","20,6","6,9","9,0","4,7","-7,9",0
381510304,ns,so,ns,ns,ns,ns,ns,ns,ns,ns,ns,ns,ns,ns,so,so,ns,ns,ns,ns,ns,ns,ns,ns,ns,ns,ns,ns,so
381510305,"51,0",2,10770,13680,19130,"0,61",8240,9780,11540,12500,15690,17730,20870,24850,"3,0","3,7","0,255","58,8","53,6","4,5","0,7","25,1","2,1","22,4","8,0","9,5","4,9","-8,4",0
381510306,"49,0",2,10690,14040,19240,"0,61",8000,10130,11400,12700,15790,18140,20970,24450,"3,1","3,7","0,251","55,9","48,8","5,1","2,0","27,2","2,4","22,8","8,0","9,6","5,2","-8,3",0
381510401,"6,0",1,21650,27180,34650,"0,48",16430,20200,22720,24680,29640,32580,36650,43060,"2,6","3,1","0,221","72,3","66,2","1,9","4,2","32,7","8,6","2,8","1,3","1,1","0,4","-16,4",0
381510402,"15,0",1,16810,22280,28480,"0,52",12360,15300,17980,20150,24490,27220,30060,34700,"2,8","3,2","0,222","72,4","67,3","2,7","2,4","30,6","4,8","6,1","2,1","2,7","1,3","-13,9",0
381580101,"5,0",1,21110,27400,34190,"0,48",15950,19710,22780,24950,29660,32330,36350,45580,"2,9","3,4","0,243","76,5","70,4","2,0","4,1","28,8","9,5","3,1","1,2","1,3","0,6","-17,9",0
381580102,"14,0",1,16940,22440,28050,"0,50",12460,15180,18520,20480,24590,26630,29920,35250,"2,8","3,3","0,228","73,5","67,7","3,2","2,6","28,9","5,6","6,2","2,5","2,6","1,1","-14,2",0
381580103,"14,0",1,17270,25180,33780,"0,66",12320,15520,18860,22180,27920,31570,36180,42910,"3,5","4,1","0,273","76,6","71,6","2,3","2,7","27,3","7,8","5,5","2,2","2,2","1,1","-17,2",0
381690101,"18,0",1,15200,21600,28760,"0,63",10910,14180,16920,19260,24280,26990,30640,35300,"3,2","3,8","0,254","78,4","71,9","3,5","3,0","22,6","5,5","7,5","2,4","3,4","1,7","-14,0",0
381690102,"15,0",1,16540,22130,28680,"0,55",12090,15430,17850,20190,24340,26800,30310,35030,"2,9","3,3","0,228","79,8","72,7","4,0","3,1","22,7","5,6","6,3","1,9","2,8","1,6","-14,4",0
381690103,"23,0",2,14370,19390,25380,"0,57",10470,13170,15090,17140,21370,23530,26730,31880,"3,0","3,5","0,243","77,1","71,3","3,1","2,7","22,3","3,6","9,4","3,2","4,2","2,0","-12,4",0
381690104,"14,0",1,16780,21400,27520,"0,50",12510,15620,17570,19590,23620,26050,28960,34270,"2,7","3,3","0,227","73,4","67,2","2,7","3,5","29,3","5,5","5,4","1,4","2,8","1,2","-13,6",0
381690105,"23,0",2,14440,18680,23950,"0,51",11320,13370,15410,16900,20680,22670,25690,30290,"2,7","3,1","0,225","74,4","68,4","3,8","2,2","23,5","3,8","10,2","3,5","4,6","2,1","-11,9",0
381690106,"25,0",2,13950,18880,25220,"0,60",10930,12990,14770,16770,21540,23540,27270,33590,"3,1","3,7","0,256","65,1","59,6","3,4","2,1","31,7","5,2","10,3","3,4","4,5","2,4","-12,3",0
381690107,"27,0",2,13550,18310,24330,"0,59",10920,12680,14360,16470,20440,23010,25300,30170,"2,8","3,2","0,233","63,1","58,2","3,4","1,5","32,7","3,9","11,6","3,3","5,6","2,7","-11,3",0
381690108,ns,so,ns,ns,ns,ns,ns,ns,ns,ns,ns,ns,ns,ns,so,so,ns,ns,ns,ns,ns,ns,ns,ns,ns,ns,ns,ns,so
381690109,"15,0",1,16100,21320,27010,"0,51",11890,15010,17430,19270,23220,25680,28730,32970,"2,8","3,3","0,227","72,7","66,7","3,0","3,0","29,8","5,0","5,9","2,2","2,6","1,1","-13,4",0
381690110,"11,0",1,18230,24490,30300,"0,49",13610,17200,19880,22100,26210,28740,32320,36820,"2,7","3,1","0,218","72,3","66,8","2,1","3,4","31,5","6,6","4,9","1,7","2,2","1,0","-15,3",0
381690111,ns,so,ns,ns,ns,ns,ns,ns,ns,ns,ns,ns,ns,ns,so,so,ns,ns,ns,ns,ns,ns,ns,ns,ns,ns,ns,ns,so
381690112,nd,so,nd,nd,nd,nd,nd,nd,nd,nd,nd,nd,nd,nd,so,so,nd,nd,nd,nd,nd,nd,nd,nd,nd,nd,nd,nd,so
381790101,"11,0",1,18760,25280,32710,"0,55",13600,17010,20020,22910,28020,30900,35180,41590,"3,1","3,9","0,258","82,8","77,1","2,1","3,6","21,6","8,0","4,5","1,7","1,7","1,1","-16,9",0
381790102,"9,0",1,20470,26450,34110,"0,52",14310,18780,21600,24070,28910,32150,36200,42890,"3,0","3,6","0,243","82,0","75,0","2,0","5,0","23,9","8,0","3,9","1,5","1,7","0,7","-17,8",0
381850101,ns,so,ns,ns,ns,ns,ns,ns,ns,ns,ns,ns,ns,ns,so,so,ns,ns,ns,ns,ns,ns,ns,ns,ns,ns,ns,ns,so
381850102,"22,0",1,14390,21670,30300,"0,73",10270,13580,15380,18630,24700,28150,32700,39420,"3,8","4,5","0,289","90,2","83,8","3,4","3,0","13,2","4,8","8,4","2,4","3,7","2,3","-16,6",0
381850103,"21,0",1,14340,23210,31650,"0,75",9980,13490,16090,19950,26590,29660,34200,40170,"4,0","5,3","0,307","89,7","83,8","2,8","3,1","15,0","6,2","6,6","1,6","3,0","2,0","-17,5",0
381850104,"15,0",1,17560,24550,34250,"0,68",12130,15800,19000,21730,27700,31510,36570,43810,"3,6","4,6","0,287","87,4","80,2","3,4","3,8","17,5","8,0","5,1","1,3","2,4","1,4","-18,0",0
381850105,"15,0",2,17810,26990,36400,"0,69",11950,15490,19860,22990,30240,34210,38880,45580,"3,8","5,2","0,306","81,7","73,3","3,0","5,4","22,0","11,9","3,7","0,7","1,7","1,3","-19,3",0
381850106,"24,0",1,14100,21230,28690,"0,69",10060,13120,15450,18950,23350,26640,30940,37030,"3,7","4,4","0,277","87,9","80,0","5,0","2,9","14,9","4,5","8,1","1,4","4,2","2,5","-15,4",0
381850107,"17,0",1,16700,24180,33530,"0,70",10910,14890,18370,21070,27550,31830,35960,42090,"3,9","4,8","0,287","88,5","81,8","3,8","2,9","17,6","7,1","5,4","0,9","2,7","1,8","-18,6",0
381850108,"17,0",1,16380,22690,30930,"0,64",11450,14720,17930,20400,25720,28520,32890,38490,"3,4","4,2","0,268","88,4","80,0","3,7","4,7","15,8","5,4","6,4","1,2","3,4","1,8","-16,0",0
381850109,"19,0",1,16160,24050,33420,"0,72",10810,14330,17670,21120,27760,31030,36290,42410,"3,9","4,6","0,289","88,6","80,5","3,4","4,7","17,4","6,0","5,9","1,3","2,9","1,7","-17,9",0
381850110,"18,0",1,15440,21820,29760,"0,66",10960,14140,16700,19570,24450,28180,32460,40360,"3,7","4,1","0,272","85,9","78,9","4,1","2,9","16,3","5,7","7,8","2,1","3,7","2,0","-15,7",0
381850111,"12,0",1,18770,25730,34900,"0,63",12780,17380,20070,22560,28820,32290,37230,44180,"3,5","4,0","0,265","85,1","77,7","3,2","4,2","21,3","7,1","4,4","0,9","2,3","1,2","-17,9",0
381850201,"17,0",2,16160,23180,32060,"0,69",10770,14820,17940,20730,26130,29890,34380,40700,"3,8","4,9","0,306","89,2","77,4","4,3","7,5","15,7","7,2","6,1","1,4","3,0","1,7","-18,2",0
381850202,"31,0",2,12740,18810,28400,"0,83",9470,11700,13680,16200,22310,25570,31690,40440,"4,3","5,1","0,322","77,9","70,8","4,1","3,0","20,5","6,9","10,7","1,9","5,8","3,0","-16,0",0
381850203,"11,0",2,21670,31010,42750,"0,68",13730,19860,23330,27640,34870,40290,45260,54330,"4,0","5,3","0,303","82,6","73,7","2,3","6,6","24,5","12,8","2,3","0,6","0,9","0,8","-22,2",0
381850204,"11,0",1,22020,31970,46620,"0,77",13550,19650,24290,28630,36040,42080,51050,65830,"4,9","7,5","0,396","76,7","66,1","1,8","8,8","23,5","23,2","2,5","0,6","1,2","0,7","-25,9",0
381850205,"15,0",2,17440,28410,40700,"0,82",11330,15600,19760,23840,32020,37370,43750,54910,"4,8","6,4","0,346","84,2","74,6","2,3","7,3","22,0","12,6","4,0","0,6","2,1","1,3","-22,8",0
381850206,"11,0",2,20100,30550,39960,"0,65",12470,17700,21740,26250,33420,36800,43170,55980,"4,5","5,4","0,314","82,5","71,9","3,0","7,6","24,4","12,5","2,8","0,7","1,2","0,9","-22,2",0
381850207,"33,0",2,12210,18670,31530,"1,03",9220,11300,13190,15240,23170,28300,35270,46130,"5,0","6,3","0,369","76,1","67,9","4,0","4,2","24,1","8,1","9,8","2,1","5,3","2,4","-18,1",0
381850208,"9,0",2,21970,28650,36870,"0,52",14900,20570,23070,25730,31440,34570,40150,48820,"3,3","4,0","0,264","71,1","63,7","2,1","5,3","36,4","9,7","2,7","0,8","1,2","0,7","-19,9",0
381850209,"13,0",1,18260,27330,37300,"0,70",12450,16300,20160,24020,30580,34990,40080,49300,"4,0","4,7","0,292","80,1","72,2","2,5","5,4","26,4","9,4","3,9","1,1","1,6","1,2","-19,8",0
381850210,"12,0",1,19550,27610,37150,"0,64",12900,17370,21270,24430,30670,34550,41330,49510,"3,8","5,0","0,312","77,0","69,5","2,2","5,3","28,5","12,3","3,4","0,9","1,4","1,1","-21,2",0
381850211,"12,0",1,20140,28130,37370,"0,61",12600,18250,21920,24990,30930,34960,39520,48860,"3,9","5,0","0,303","86,3","75,5","3,0","7,8","18,7","11,4","3,1","0,7","1,5","0,9","-19,5",0
381850212,"9,0",1,20510,29360,40800,"0,69",14740,19200,22500,25870,32660,37560,44000,62030,"4,2","5,7","0,346","79,3","68,6","2,3","8,4","24,6","16,0","3,0","1,0","1,3","0,7","-22,9",0
381850213,"9,0",2,19690,28030,37190,"0,62",14030,17700,21250,24140,31120,35240,39780,49210,"3,5","4,8","0,307","72,9","62,9","2,9","7,1","31,5","12,9","3,6","1,0","1,7","0,9","-20,9",0
381850214,"13,0",1,18070,25910,34610,"0,64",12130,16900,20040,22890,28920,32800,37020,45330,"3,7","4,9","0,310","87,9","78,5","3,5","5,9","20,3","6,1","4,5","1,1","2,2","1,2","-18,8",0
381850215,"13,0",1,18220,26410,35960,"0,67",12740,16710,19950,22780,29820,33640,38550,47860,"3,8","4,6","0,290","87,6","78,9","2,9","5,8","19,5","8,4","4,5","1,3","2,1","1,1","-20,0",0
381850216,"27,0",2,13490,19030,25990,"0,66",9990,12880,14250,16350,21450,24560,28000,37190,"3,7","4,3","0,293","70,5","63,7","4,1","2,7","24,4","6,0","13,0","4,0","6,2","2,8","-13,9",0
381850301,"16,0",1,16460,22770,30060,"0,60",11640,15250,17730,20340,25730,28570,31920,37780,"3,2","3,6","0,243","84,0","78,1","3,4","2,5","20,9","4,4","6,5","1,9","3,1","1,5","-15,8",0
381850302,"19,0",2,15370,21040,27250,"0,56",10900,14100,16380,18820,23010,25540,28670,34410,"3,2","3,8","0,249","79,8","73,4","3,5","2,9","22,0","5,0","7,1","1,4","3,7","2,0","-13,9",0
381850303,"21,0",2,14840,20770,26560,"0,56",10650,13710,15850,18500,22660,25440,28710,34480,"3,2","3,9","0,258","79,1","72,3","3,5","3,3","22,9","4,7","7,5","2,3","3,2","2,0","-14,2",0
381850304,"13,0",1,17460,24130,30480,"0,54",12550,15750,18620,21110,26380,29160,32090,37020,"2,9","3,8","0,250","83,7","76,0","3,8","3,9","21,7","6,1","4,5","0,9","2,2","1,4","-16,0",0
381850305,"13,0",1,17570,22950,30000,"0,54",12680,16200,18550,20820,25750,28480,31670,39030,"3,1","3,7","0,246","80,9","74,3","3,3","3,3","23,0","6,0","5,9","1,3","3,2","1,4","-15,8",0
381850306,"13,0",2,17590,24580,32430,"0,60",12520,15660,19510,22000,27890,30890,34690,41920,"3,3","4,4","0,276","80,7","72,1","3,4","5,2","23,6","9,2","4,3","1,1","2,1","1,1","-17,8",0
381850307,"13,0",1,17000,22860,29600,"0,55",12350,15650,18360,20600,25210,27920,31530,36480,"3,0","3,5","0,238","68,9","64,0","2,9","2,0","34,9","6,0","5,3","1,7","2,4","1,2","-15,1",0
381850308,"19,0",2,15580,22580,31200,"0,69",11300,14170,17240,19470,25350,29110,32940,39400,"3,5","4,3","0,288","70,2","64,4","2,3","3,5","30,1","9,8","6,3","1,8","2,9","1,6","-16,4",0
381850309,"53,0",2,10030,13390,17770,"0,58",8230,9210,10550,12130,15050,16840,19470,23280,"2,8","3,6","0,251","57,7","51,5","5,2","1,0","21,4","1,4","26,9","8,2","13,0","5,7","-7,4",0
381850310,"14,0",1,17500,24340,31430,"0,57",12360,15840,18950,21680,26910,29690,33550,40640,"3,3","3,8","0,253","73,1","66,8","2,7","3,6","30,5","7,4","5,5","1,9","2,5","1,1","-16,5",0
381850311,"23,0",1,14180,20080,26660,"0,62",10140,13320,15310,17930,22600,25420,29000,35030,"3,5","4,1","0,273","77,3","69,3","3,5","4,5","22,6","6,7","8,1","2,3","3,9","1,9","-14,7",0
381850401,"15,0",2,17040,24090,32110,"0,63",11950,15610,18360,21150,27190,30240,34000,39950,"3,3","4,2","0,274","79,6","72,8","3,0","3,8","23,9","7,9","5,6","1,2","2,9","1,5","-17,0",0
381850402,"14,0",1,17760,24110,31080,"0,55",12020,16160,19170,21720,26880,29800,32830,39450,"3,3","4,0","0,260","78,9","72,1","3,1","3,7","25,6","7,9","4,6","0,9","2,2","1,5","-17,0",0
381850403,"15,0",1,17670,24900,31850,"0,57",11980,16260,19340,22020,27360,30100,33890,40090,"3,3","3,9","0,252","79,6","73,0","2,7","3,9","26,1","6,5","4,6","1,2","2,0","1,4","-16,8",0
381850404,"12,0",1,19290,27940,37660,"0,66",12870,17810,20930,24430,30710,35070,39800,48200,"3,7","4,6","0,284","76,4","69,7","2,2","4,5","32,1","9,2","3,1","0,9","1,3","0,9","-20,8",0
381850405,"10,0",1,18900,25380,32730,"0,54",13630,16900,20110,22920,27800,31030,34970,42360,"3,1","3,7","0,250","78,4","71,8","2,7","3,9","28,8","7,6","3,3","0,9","1,5","0,9","-18,1",0
381850406,"9,0",2,19670,25860,33370,"0,53",14440,18460,21140,23380,28810,31430,35370,42030,"2,9","3,7","0,252","81,1","74,2","2,2","4,7","24,7","8,1","3,9","1,3","1,7","0,9","-17,8",0
381850407,"25,0",1,13730,19770,28040,"0,72",9620,12350,15130,17100,22530,25730,29800,35710,"3,7","4,8","0,299","78,0","71,0","2,9","4,1","22,0","6,0","8,6","2,2","4,0","2,4","-14,6",0
381850408,"13,0",1,18370,25360,34670,"0,64",12020,16470,19660,22520,28500,32390,37190,42890,"3,6","4,2","0,272","79,5","74,5","2,4","2,6","26,0","7,8","4,7","1,5","2,2","1,0","-18,0",0
381850409,"17,0",1,16720,24210,32540,"0,65",11090,15010,18600,21400,27030,30320,34760,41240,"3,7","4,5","0,282","76,5","70,0","3,0","3,5","26,0","8,6","5,8","1,5","2,9","1,4","-16,9",0
381850410,"14,0",1,17800,24870,32400,"0,59",12660,16000,19260,21970,27640,30420,34480,40550,"3,2","4,1","0,268","81,8","75,3","3,4","3,1","24,3","6,6","4,6","1,2","2,3","1,1","-17,3",0
381850411,"20,0",1,15300,21650,29180,"0,64",10790,13840,16590,19200,24350,27890,30900,36230,"3,4","4,2","0,272","77,7","70,8","3,5","3,4","23,2","7,1","7,0","1,3","3,8","1,9","-15,0",0
381850412,"29,0",2,12950,17780,24430,"0,65",9470,11860,14140,15870,20040,22810,26050,31020,"3,3","3,8","0,256","74,5","68,0","4,3","2,2","21,1","4,5","12,1","3,2","5,8","3,1","-12,2",0
381850413,"19,0",2,15200,20450,25580,"0,51",11350,14060,16250,18730,22390,24290,27410,31240,"2,8","3,3","0,223","76,4","71,4","3,3","1,7","24,9","3,6","7,5","2,3","3,7","1,5","-12,4",0
381850414,"16,0",1,17220,22140,28140,"0,49",11980,15390,18650,20630,23980,26460,30080,34850,"2,9","3,3","0,225","83,2","78,4","3,1","1,7","19,9","5,0","6,5","2,3","2,8","1,4","-14,6",0
381850501,"23,0",2,14140,19800,27880,"0,69",10100,13070,15400,17580,22590,26350,29930,35590,"3,5","4,6","0,298","82,5","76,0","2,9","3,6","18,2","6,0","8,6","1,9","4,3","2,4","-15,3",0
381850502,"17,0",1,16810,22810,30520,"0,60",10640,14830,18240,20420,25750,28720,32550,38470,"3,6","4,1","0,259","78,0","70,4","3,4","4,2","26,0","6,3","5,6","1,4","2,7","1,5","-15,9",0
381850503,"25,0",1,13830,20280,27450,"0,67",10450,12690,15100,17590,22930,25350,29770,34930,"3,3","4,1","0,267","79,1","72,0","4,2","2,9","20,3","4,5","10,3","2,5","5,3","2,5","-14,2",0
381850504,"41,0",1,11300,15250,21690,"0,68",9030,10640,12090,13730,17280,19960,23610,28460,"3,2","3,8","0,263","67,4","61,0","4,7","1,7","20,5","2,8","19,3","5,7","9,1","4,5","-10,0",0
381850505,"35,0",2,12290,17400,24350,"0,69",9340,11480,13210,15040,19800,22730,26400,30470,"3,3","4,1","0,283","62,0","56,5","3,8","1,7","30,5","4,3","14,9","3,7","7,6","3,6","-11,7",0
381850506,"36,0",1,11860,16510,22460,"0,64",8970,10910,12770,14530,19080,21300,24300,28490,"3,2","3,9","0,263","74,1","67,1","4,4","2,6","17,2","3,4","16,5","5,0","7,7","3,8","-11,2",0
381850507,"43,0",2,11550,14970,20410,"0,59",8420,10740,12390,13370,16770,19040,21500,26640,"3,2","3,8","0,259","59,3","53,3","5,0","1,0","28,1","3,6","19,0","5,4","9,0","4,6","-10,0",0
381850601,"29,0",2,13230,18310,25150,"0,65",9350,12390,13960,16200,20980,23300,27090,32550,"3,5","4,0","0,269","52,5","48,5","2,9","1,1","43,7","6,1","10,5","4,0","4,1","2,4","-12,8",0
381850602,"15,0",2,17080,23920,31400,"0,60",11560,15810,18600,20860,26700,29690,33480,38910,"3,4","4,1","0,265","58,8","53,5","2,3","3,0","40,7","10,0","5,9","1,7","2,9","1,3","-15,4",0
381850603,ns,so,ns,ns,ns,ns,ns,ns,ns,ns,ns,ns,ns,ns,so,so,ns,ns,ns,ns,ns,ns,ns,ns,ns,ns,ns,ns,so
381850604,ns,so,ns,ns,ns,ns,ns,ns,ns,ns,ns,ns,ns,ns,so,so,ns,ns,ns,ns,ns,ns,ns,ns,ns,ns,ns,ns,so
381850605,"39,0",1,11360,15500,21580,"0,66",8350,10370,12320,13960,17640,20280,22890,27540,"3,3","4,0","0,268","58,4","52,1","4,3","2,0","30,8","3,1","18,1","5,9","8,5","3,7","-10,4",0
381850606,"23,0",2,14450,21430,30520,"0,75",10770,13390,15990,18990,24770,27830,32650,40720,"3,8","4,6","0,295","55,0","47,0","2,9","5,1","44,8","7,9","7,9","2,7","3,6","1,6","-15,6",0
381850607,"39,0",2,11920,16930,22900,"0,65",9090,11050,12880,14130,19140,21500,24500,28880,"3,2","3,9","0,270","57,3","50,5","5,6","1,2","34,5","4,4","14,5","4,4","6,8","3,3","-10,7",0
381850608,"29,0",1,13160,18550,24800,"0,63",9680,12140,13960,16060,20870,23470,26520,31410,"3,2","3,8","0,257","79,2","72,6","4,3","2,3","19,0","3,2","11,6","4,2","4,7","2,7","-13,0",0
381850609,"47,0",2,11200,14240,19380,"0,57",8720,10620,11920,13080,15700,17760,21370,26650,"3,1","3,6","0,249","51,8","46,2","4,8","0,8","30,8","2,5","23,5","8,1","10,2","5,2","-8,6",0
381850610,ns,so,ns,ns,ns,ns,ns,ns,ns,ns,ns,ns,ns,ns,so,so,ns,ns,ns,ns,ns,ns,ns,ns,ns,ns,ns,ns,so
381850611,ns,so,ns,ns,ns,ns,ns,ns,ns,ns,ns,ns,ns,ns,so,so,ns,ns,ns,ns,ns,ns,ns,ns,ns,ns,ns,ns,so
382290101,"9,0",2,19640,26830,35310,"0,58",13920,17590,21220,23910,29790,33920,38320,45130,"3,2","4,0","0,265","69,5","64,4","1,8","3,3","33,5","11,1","3,9","1,5","1,6","0,8","-18,0",0
382290102,"9,0",1,20010,27460,35710,"0,57",14130,18390,21660,24370,30270,33670,38150,45710,"3,2","3,7","0,251","66,2","60,0","1,9","4,3","39,0","8,6","3,5","1,3","1,5","0,7","-17,3",0
382290201,"7,0",2,21400,29000,37210,"0,55",15380,19680,22900,26010,31450,35090,40310,48570,"3,2","4,1","0,276","72,5","67,1","2,0","3,4","31,6","12,6","3,1","1,3","1,2","0,6","-19,8",0
382290202,"7,0",2,21030,27930,36660,"0,56",15030,19290,22240,25290,30940,34490,38800,47100,"3,1","3,7","0,255","62,1","55,8","2,0","4,3","43,5","10,4","2,7","1,1","1,1","0,5","-18,7",0
382290203,"7,0",2,21440,28620,36890,"0,54",15870,20110,22950,26250,31460,34630,40530,49700,"3,1","3,8","0,261","61,6","55,3","1,3","5,0","42,1","12,9","2,5","0,9","1,0","0,6","-19,1",0
382290301,"3,0",1,27770,38910,52290,"0,63",19280,24690,30360,34300,42630,48030,56870,74420,"3,9","5,0","0,317","71,4","59,8","1,8","9,8","33,5","20,9","1,3","0,5","0,5","0,3","-27,1",0
382290302,"3,0",1,28570,40370,60200,"0,78",20170,26090,31090,35870,46530,54760,64650,87180,"4,3","5,6","0,342","79,4","67,8","1,3","10,3","27,8","21,3","1,1","0,5","0,4","0,2","-29,6",0
382290401,ns,so,ns,ns,ns,ns,ns,ns,ns,ns,ns,ns,ns,ns,so,so,ns,ns,ns,ns,ns,ns,ns,ns,ns,ns,ns,ns,so
382290402,ns,so,ns,ns,ns,ns,ns,ns,ns,ns,ns,ns,ns,ns,so,so,ns,ns,ns,ns,ns,ns,ns,ns,ns,ns,ns,ns,5
382290403,ns,so,ns,ns,ns,ns,ns,ns,ns,ns,ns,ns,ns,ns,so,so,ns,ns,ns,ns,ns,ns,ns,ns,ns,ns,ns,ns,so
382290404,nd,so,nd,nd,nd,nd,nd,nd,nd,nd,nd,nd,nd,nd,so,so,nd,nd,nd,nd,nd,nd,nd,nd,nd,nd,nd,nd,so
383170101,"19,0",2,15630,20840,26580,"0,53",12430,14280,16700,18960,22950,25120,28030,32410,"2,6","3,0","0,217","75,1","70,4","3,0","1,7","26,1","4,0","7,3","2,9","2,9","1,5","-12,5",0
383170102,"11,0",2,17360,21650,26460,"0,42",13490,16330,18400,20050,23290,25410,27600,32430,"2,4","2,8","0,199","74,3","69,3","2,8","2,2","29,1","5,0","4,7","2,1","1,8","0,8","-13,1",0
383170103,"43,0",2,11620,14860,20860,"0,62",8790,10840,12450,13480,16760,19110,22450,26680,"3,0","3,4","0,240","65,1","59,3","4,3","1,5","22,8","2,7","18,7","6,9","7,3","4,5","-9,3",0
383170104,"15,0",2,16510,20860,26590,"0,48",12190,15270,17760,19340,22750,24970,27590,32000,"2,6","3,0","0,209","68,8","64,3","3,2","1,3","32,6","4,4","6,5","2,4","3,0","1,1","-12,3",0
383170105,"17,0",1,16220,21710,27410,"0,52",11590,14900,17580,19430,23760,25910,29540,34740,"3,0","3,6","0,243","71,8","67,4","2,7","1,7","29,4","5,5","6,3","2,4","2,6","1,3","-13,0",0
383170106,ns,so,ns,ns,ns,ns,ns,ns,ns,ns,ns,ns,ns,ns,so,so,ns,ns,ns,ns,ns,ns,ns,ns,ns,ns,ns,ns,so
383170107,ns,so,ns,ns,ns,ns,ns,ns,ns,ns,ns,ns,ns,ns,so,so,ns,ns,ns,ns,ns,ns,ns,ns,ns,ns,ns,ns,so
383820101,ns,so,ns,ns,ns,ns,ns,ns,ns,ns,ns,ns,ns,ns,so,so,ns,ns,ns,ns,ns,ns,ns,ns,ns,ns,ns,ns,so
383820102,"13,0",1,17290,24470,32260,"0,61",12830,15750,18820,21790,27230,30700,33840,41350,"3,2","3,7","0,256","77,8","73,1","2,3","2,4","26,5","7,3","5,8","2,3","2,4","1,1","-17,4",0
383820103,"14,0",1,16740,22910,29250,"0,55",12430,15430,18400,20350,25050,27580,31210,35620,"2,9","3,5","0,240","79,1","72,7","2,5","3,9","24,5","4,8","6,5","2,2","2,9","1,4","-14,9",0
383820104,"5,0",2,24670,30670,38370,"0,45",19330,23100,25840,28290,33360,36310,41280,48310,"2,5","3,1","0,220","62,4","57,3","1,6","3,5","44,3","10,1","2,2","1,2","0,7","0,3","-19,0",0
383820105,"11,0",1,19400,25920,33800,"0,56",13480,17610,20730,23560,28650,31730,36060,42630,"3,2","3,8","0,258","82,7","78,3","2,1","2,3","22,2","7,9","5,0","2,0","2,0","1,0","-17,8",0
383820201,"8,0",1,21120,28760,36720,"0,54",15100,18830,22530,25910,31680,34530,38970,48190,"3,2","3,7","0,253","70,9","64,5","1,9","4,5","34,0","11,0","4,0","1,6","1,7","0,7","-19,9",0
383820202,"9,0",2,20220,26750,33670,"0,50",14960,18860,21710,24260,29130,32310,35680,41930,"2,8","3,2","0,220","80,3","76,1","2,1","2,1","26,6","6,5","3,7","1,7","1,4","0,6","-17,1",0
383820203,"9,0",2,19610,24300,30060,"0,43",14630,18180,20480,22670,25830,28470,32500,39130,"2,7","3,2","0,224","78,3","73,8","2,2","2,3","27,7","5,5","3,7","1,6","1,5","0,6","-15,2",0
384210101,"19,0",1,15540,22040,29650,"0,64",10500,14080,16880,19460,24700,27610,31530,37610,"3,6","4,8","0,297","76,6","70,7","3,0","2,9","22,4","9,6","6,5","1,8","2,9","1,8","-15,1",0
384210102,ns,so,ns,ns,ns,ns,ns,ns,ns,ns,ns,ns,ns,ns,so,so,ns,ns,ns,ns,ns,ns,ns,ns,ns,ns,ns,ns,so
384210103,"19,0",1,15760,21940,29140,"0,61",10500,13960,17240,19480,24450,27450,30840,35830,"3,4","4,1","0,261","72,8","68,0","2,7","2,1","29,8","4,9","7,1","1,6","3,4","2,1","-14,6",0
384210201,"22,0",1,14360,19820,26420,"0,61",11070,13360,15660,17570,22130,24950,28330,33510,"3,0","3,5","0,248","78,8","72,9","3,7","2,2","20,7","3,8","9,8","3,4","4,3","2,1","-13,1",0
384210202,"31,0",2,12640,16910,22750,"0,60",8780,11700,13620,15370,18820,21250,24610,29840,"3,4","4,0","0,261","76,5","69,5","4,8","2,2","16,5","3,5","14,7","4,7","6,6","3,4","-11,2",0
384210301,"16,0",1,16020,20680,25500,"0,46",12100,15050,16970,19010,22230,24210,26600,30290,"2,5","2,8","0,199","72,7","67,1","3,4","2,2","29,3","3,6","6,6","2,7","2,7","1,2","-12,2",0
384210302,"13,0",2,16880,21640,27650,"0,50",12920,15720,18050,19790,23880,26470,29540,34850,"2,7","3,2","0,230","73,2","66,5","3,6","3,1","27,6","7,7","5,7","2,2","2,5","1,0","-14,2",0
384210401,"11,0",2,17610,22310,26980,"0,42",12910,16290,18760,20610,23750,25950,28440,33220,"2,6","3,0","0,207","79,5","75,0","2,7","1,8","23,9","5,0","5,1","2,1","2,1","0,9","-13,5",0
384210402,"7,0",1,19130,24080,29910,"0,45",15110,17850,20130,22350,26110,28360,31400,36190,"2,4","2,9","0,210","74,6","68,7","2,6","3,3","29,5","6,6","4,0","2,0","1,4","0,6","-14,7",0
384210501,"19,0",1,15700,22000,28300,"0,57",11180,14460,17020,19450,24040,26790,29870,36420,"3,3","4,3","0,280","80,9","71,3","2,9","6,7","20,2","8,8","6,7","2,7","2,7","1,3","-16,6",0
384210502,"27,0",1,13330,19180,25320,"0,63",9480,11920,14490,16890,21360,23870,27140,32110,"3,4","4,0","0,262","67,7","61,2","3,6","2,9","29,6","5,2","9,6","2,4","4,6","2,6","-12,1",0
384210601,"16,0",1,16780,22720,30290,"0,59",11470,15000,17880,20360,25720,28690,32430,37620,"3,3","4,2","0,267","76,4","69,6","3,1","3,7","27,0","6,5","5,7","1,4","2,8","1,5","-15,6",0
384210602,ns,so,ns,ns,ns,ns,ns,ns,ns,ns,ns,ns,ns,ns,so,so,ns,ns,ns,ns,ns,ns,ns,ns,ns,ns,ns,ns,so
384210603,ns,so,ns,ns,ns,ns,ns,ns,ns,ns,ns,ns,ns,ns,so,so,ns,ns,ns,ns,ns,ns,ns,ns,ns,ns,ns,ns,so
384230101,"20,0",1,15070,20810,26980,"0,57",11060,13870,16170,18700,23030,25830,28410,33570,"3,0","3,5","0,240","81,5","75,7","3,6","2,2","20,2","4,2","7,8","2,5","3,7","1,6","-13,7",0
384230102,"7,0",2,23410,31290,41710,"0,58",16100,21530,24420,27980,34000,38610,44610,53800,"3,3","4,3","0,282","76,8","67,6","2,6","6,6","29,8","14,3","2,3","0,9","1,0","0,4","-23,2",0
384740101,"14,0",1,17010,21510,26120,"0,42",12280,15560,18180,19800,23230,25310,27630,31250,"2,5","2,9","0,198","72,1","68,4","2,7","1,0","29,2","4,1","7,0","2,8","3,0","1,2","-12,4",0
384740102,"7,0",1,20940,26750,33300,"0,46",15600,19560,22230,24620,29390,31710,34980,41970,"2,7","3,0","0,215","78,3","72,4","2,3","3,6","27,5","8,1","3,4","1,4","1,4","0,6","-17,3",0
384740103,"7,0",1,21370,27710,35370,"0,51",16060,20330,22710,25100,30160,33440,38030,44660,"2,8","3,3","0,236","82,9","76,8","2,2","3,9","23,3","8,8","3,1","1,3","1,2","0,6","-18,1",0
384740104,"6,0",1,21430,27230,34610,"0,48",15780,19960,22720,25030,29640,32690,37010,43510,"2,8","3,3","0,239","71,0","67,5","1,6","1,9","34,3","10,6","2,6","1,2","1,0","0,4","-18,5",0
384850101,"14,0",1,17820,23220,30060,"0,53",12050,15950,18840,21040,25280,28180,32170,37850,"3,1","4,1","0,264","70,0","64,3","2,4","3,3","32,4","7,7","4,9","1,4","2,4","1,1","-15,0",0
384850102,"10,0",1,18300,23790,29670,"0,48",13710,17280,19430,21560,25580,28230,31620,37620,"2,7","3,3","0,229","75,2","69,5","2,3","3,4","28,3","7,4","5,0","1,7","2,3","1,0","-15,9",0
384850103,"13,0",2,17730,24070,32270,"0,60",13120,16250,19690,21750,26990,30830,34500,39960,"3,0","3,6","0,249","74,8","68,2","2,4","4,2","30,4","5,9","5,0","2,4","1,6","1,0","-16,1",0
384850104,"7,0",2,19560,24900,31100,"0,46",15200,18430,20760,23020,26850,29400,32980,37370,"2,5","2,9","0,204","74,1","69,6","2,2","2,3","30,3","6,4","4,2","1,3","2,1","0,8","-15,0",0
384850105,"3,0",2,21940,28250,37020,"0,53",18240,20930,23140,25430,31360,34680,39500,48180,"2,6","5,0","0,358","63,0","54,9","1,7","6,4","29,8","24,4","1,7","0,7","0,8","0,2","-18,9",0
384850106,nd,so,nd,nd,nd,nd,nd,nd,nd,nd,nd,nd,nd,nd,so,so,nd,nd,nd,nd,nd,nd,nd,nd,nd,nd,nd,nd,so
384860101,"5,0",1,20980,26510,32550,"0,44",16480,19820,22090,24220,28550,30910,34160,39450,"2,4","2,9","0,211","67,5","63,3","1,7","2,5","38,9","6,4","2,8","1,2","1,1","0,5","-15,6",0
384860102,"5,0",2,22700,29520,37420,"0,50",17480,21590,23810,26450,32390,35620,39720,46950,"2,7","3,4","0,249","70,6","64,5","1,6","4,5","34,6","12,5","2,5","1,1","0,9","0,5","-20,2",0
384860103,"6,0",1,22460,31410,42410,"0,63",16170,21110,25000,27970,34540,39430,45440,56360,"3,5","4,4","0,292","78,4","71,1","1,8","5,5","25,5","15,7","2,6","1,2","0,9","0,5","-22,2",0
385160101,"8,0",1,21760,32200,45910,"0,75",15140,19620,23640,27800,36500,42590,52090,73350,"4,8","7,1","0,395","75,9","65,3","2,0","8,6","22,2","24,7","2,3","0,9","0,8","0,6","-25,1",0
385160102,"9,0",1,20700,27480,37780,"0,62",14570,19040,22160,25070,30690,35210,41330,51330,"3,5","4,4","0,291","80,8","73,3","1,8","5,7","26,1","11,3","2,7","1,0","1,1","0,6","-20,9",0
385240101,"7,0",1,20260,26610,33380,"0,49",15130,18960,21840,24280,29230,31850,35300,41130,"2,7","3,2","0,224","77,9","71,2","3,1","3,6","28,0","7,3","3,6","1,5","1,4","0,7","-16,8",0
385240102,"5,0",1,21310,26920,34190,"0,48",16040,19650,22720,24740,29570,32290,36280,42440,"2,6","3,1","0,225","80,8","74,7","2,1","4,0","24,4","8,8","3,3","1,8","1,0","0,5","-17,3",0
385450101,"8,0",1,19750,25360,31330,"0,46",14390,18300,20880,23160,27170,29770,32970,37940,"2,6","2,9","0,208","73,1","68,5","2,4","2,2","31,9","7,0","3,9","1,7","1,5","0,7","-15,9",0
385450102,"4,0",1,21840,26860,33140,"0,42",17500,20480,23020,24790,28850,31510,35000,42070,"2,4","2,8","0,206","80,9","75,0","2,2","3,7","24,8","8,2","3,2","1,8","1,0","0,4","-17,1",0
385620101,"14,0",1,16650,22060,27740,"0,50",12620,15540,17660,19990,24290,26480,29640,34720,"2,8","3,3","0,238","60,2","55,3","2,8","2,1","38,3","8,6","5,6","1,7","2,7","1,2","-12,7",0
385620102,"13,0",2,16620,21260,26680,"0,47",12510,15310,17580,19260,22910,25490,27660,32760,"2,6","2,9","0,208","72,2","67,1","3,4","1,7","28,1","4,8","7,5","2,3","3,8","1,4","-12,6",0
385620103,"9,0",1,18940,23750,29870,"0,46",14020,17820,19950,21980,25990,28570,31290,36310,"2,6","2,9","0,206","76,1","70,7","2,4","3,0","28,3","6,5","4,3","1,9","1,7","0,7","-15,2",0
